event_id,strike,dip,rake,uncertainty_deg
SYN001,216.7,88.5,55.4,10
SYN002,13.0,18.0,-113.8,10
SYN003,193.8,69.9,-124.8,10
SYN004,237.7,83.6,17.7,10
SYN005,250.7,57.5,-47.5,10
SYN006,285.5,48.4,10.4,10
SYN007,246.2,70.4,-30.5,10
SYN008,26.3,88.4,-111.8,10
SYN009,188.9,88.9,133.0,10
SYN010,223.2,89.6,61.6,10
SYN011,213.1,54.9,-84.3,10
SYN012,182.9,60.2,-124.4,10
SYN013,129.2,56.4,174.0,10
SYN014,223.2,48.3,-67.1,10
SYN015,24.1,24.7,-76.9,10
SYN016,332.9,77.2,-172.9,10
SYN017,0.5,71.5,-131.5,10
SYN018,51.7,73.8,-62.6,10
SYN019,222.2,59.7,-85.9,10
SYN020,311.5,83.1,-179.4,10
SYN021,7.4,45.1,-134.9,10
SYN022,220.0,46.9,-79.5,10
SYN023,61.3,48.1,-24.0,10
SYN024,288.7,58.7,37.8,10
SYN025,2.1,53.1,-141.1,10
SYN026,270.1,86.2,11.0,10
SYN027,169.4,49.7,-129.5,10
SYN028,9.1,62.8,-97.0,10
SYN029,42.5,32.7,-87.6,10
SYN030,180.9,55.6,-129.8,10
SYN031,20.6,47.4,-122.4,10
SYN032,2.5,53.0,-148.1,10
SYN033,77.8,47.1,-21.5,10
SYN034,252.7,27.9,-30.8,10
SYN035,10.8,85.4,-123.7,10
SYN036,50.2,60.2,-80.8,10
SYN037,42.1,13.6,-91.6,10
SYN038,210.5,33.7,-70.1,10
SYN039,23.7,46.8,-106.5,10
SYN040,50.3,84.6,-54.5,10
