event_id,origin_time,latitude,longitude,easting_m,northing_m,depth_km,strike,dip,rake,quality,uncertainty_deg
SE2016-01,2016-12-07T18:42:01.62,40.38267,-119.40282,296035.797,4473003.038,-0.527,260,17,155,C,45
SE2016-02,2016-12-09T07:02:23.19,40.38257,-119.40074,296212.074,4472987.139,-0.698,152,88,-132,C,45
SE2016-03,2016-12-09T09:40:28.27,40.37703,-119.39894,296348.19,4472367.976,-0.931,339,40,-103,C,45
SE2016-04,2016-12-09T10:53:04.21,40.38285,-119.40126,296168.774,4473019.422,-0.595,161,90,114,C,45
SE2016-05,2016-12-09T12:18:48.65,40.37789,-119.39894,296350.781,4472463.447,-0.952,344,30,-114,C,45
SE2016-06,2016-12-09T13:06:51.90,40.3771,-119.39882,296358.589,4472375.47,-0.889,162,83,166,C,45
SE2016-07,2016-12-09T13:34:19.96,40.38077,-119.40247,296059.776,4472791.305,-0.564,223,40,151,C,45
SE2016-08,2016-12-10T08:21:40.52,40.38182,-119.40017,296258.202,4472902.564,-0.646,114,82,-148,C,45
SE2016-09,2016-12-10T15:28:02.65,40.38263,-119.39949,296318.372,4472990.918,-0.731,335,90,141,C,45
SE2016-10,2016-12-10T21:41:23.52,40.38195,-119.42983,293740.625,4472985.797,0.592,58,23,166,C,45
SE2016-11,2016-12-08T20:38:55.48,40.38274,-119.39932,296333.135,4473002.737,-0.777,162,85,-118,A,25
SE2016-12,2016-12-08T21:13:11.22,40.37857,-119.40193,296098.983,4472545.83,-0.561,296,34,-32,C,45
SE2016-13,2016-12-08T21:15:48.08,40.37776,-119.39887,296356.332,4472448.854,-0.963,73,83,165,C,45
SE2016-14,2016-12-08T21:35:03.99,40.37887,-119.40347,295969.145,4472582.688,-0.84,243,29,147,B,35
SE2016-15,2016-12-08T21:41:03.15,40.37907,-119.40876,295520.638,4472617.116,0.323,109,44,-120,C,45
SE2016-16,2016-12-08T22:04:32.95,40.38238,-119.39899,296360.065,4472962.012,-0.728,157,85,-115,C,45
SE2016-17,2016-12-08T23:17:18.63,40.38039,-119.41267,295192.687,4472772.708,-0.148,232,42,-118,C,45
SE2016-18,2016-12-09T01:30:07.93,40.37994,-119.40386,295939.265,4472702.373,-0.004,267,13,-142,A,25
SE2016-19,2016-12-09T02:49:19.54,40.37759,-119.39886,296356.669,4472429.959,-0.882,153,88,174,C,45
SE2016-20,2016-12-07T09:19:18.49,40.38288,-119.40252,296061.899,4473025.659,-0.494,186,73,-80,C,45
SE2016-21,2016-12-09T03:21:37.23,40.3795,-119.40461,295874.264,4472655.259,0.205,40,43,-66,B,35
SE2016-22,2016-12-09T03:58:18.41,40.38341,-119.40279,296040.577,4473085.119,-0.4,186,72,-106,B,35
SE2016-23,2016-12-09T04:48:53.98,40.38349,-119.40243,296071.38,4473093.169,-0.417,169,80,-111,B,35
SE2016-24,2016-12-09T04:49:39.60,40.38132,-119.40257,296052.947,4472852.593,-0.565,282,48,-149,C,45
SE2016-25,2016-12-09T04:49:46.52,40.37829,-119.41397,295075.955,4472542.593,-0.362,140,83,-152,C,45
SE2016-26,2016-12-09T04:51:31.28,40.3836,-119.40226,296086.144,4473104.989,-0.469,28,24,-40,B,35
SE2016-27,2016-12-09T04:56:37.57,40.37856,-119.40168,296120.178,4472544.143,-0.498,152,83,-167,C,45
SE2016-28,2016-12-09T05:17:03.80,40.3835,-119.40113,296181.77,4473091.28,-0.761,332,88,125,C,45
SE2016-29,2016-12-09T06:28:01.13,40.3842,-119.40182,296125.306,4473170.581,-0.761,92,4,88,C,45
SE2016-30,2016-12-09T06:30:58.64,40.38317,-119.40243,296070.414,4473057.645,-0.424,162,82,-104,B,35
SE2016-31,2016-12-09T06:31:41.30,40.38171,-119.39955,296310.505,4472888.924,-0.792,348,47,-57,C,45
